transaction_date,entity_id,account_id,cost_center_id,debit_amount,credit_amount,net_amount
2023-01-01,2,101,11,1316.85,216.74,1100.11
2023-01-02,3,102,12,1330.74,87.86,1242.88
2023-01-03,1,103,10,5432.23,260.53,5171.7
2023-01-04,2,104,11,4249.58,1.2,4248.38
2023-01-05,3,100,12,2508.05,492.77,2015.28
2023-01-06,1,101,10,3798.8,89.99,3708.81
2023-01-07,2,102,11,3671.54,17.72,3653.82
2023-01-08,3,103,12,3965.73,263.08,3702.65
2023-01-09,1,104,10,4264.76,111.79,4152.97
2023-01-10,2,100,11,5122.83,10.88,5111.95
2023-01-11,3,101,12,2585.78,308.13,2277.65
2023-01-12,1,102,10,5868.43,349.78,5518.65
2023-01-13,2,103,11,3724.1,289.07,3435.03
2023-01-14,3,104,12,1910.73,379.46,1531.27
2023-01-15,1,100,10,1852.06,68.84,1783.22
2023-01-16,2,101,11,3619.34,358.21,3261.13
2023-01-17,3,102,12,2116.53,143.83,1972.7
2023-01-18,1,103,10,3109.02,44.19,3064.83
2023-01-19,2,104,11,1419.11,311.79,1107.32
2023-01-20,3,100,12,4130.42,24.19,4106.23
2023-01-21,1,101,10,4230.89,295.79,3935.1
2023-01-22,2,102,11,3581.51,3.58,3577.93
2023-01-23,3,103,12,1243.23,427.61,815.62
2023-01-24,1,104,10,3972.69,181.99,3790.7
2023-01-25,2,100,11,2800.68,187.89,2612.79
2023-01-26,3,101,12,3526.99,285.67,3241.32
2023-01-27,1,102,10,3876.35,89.47,3786.88
2023-01-28,2,103,11,1453.72,254.3,1199.42
2023-01-29,3,104,12,4864.37,451.45,4412.92
2023-01-30,1,100,10,2345.46,228.89,2116.57
2023-01-31,2,101,11,3340.63,411.53,2929.1
2023-02-01,3,102,12,5170.79,326.24,4844.55
2023-02-02,1,103,10,5917.74,392.82,5524.92
2023-02-03,2,104,11,3479.45,20.36,3459.09
2023-02-04,3,100,12,5441.66,470.27,4971.39
2023-02-05,1,101,10,5965.04,263.71,5701.33
2023-02-06,2,102,11,1463.84,115.06,1348.78
2023-02-07,3,103,12,1608.47,220.84,1387.63
2023-02-08,1,104,10,4333.47,427.5,3905.97
2023-02-09,2,100,11,2365.75,200.98,2164.77
2023-02-10,3,101,12,5081.04,381.88,4699.16
2023-02-11,1,102,10,4437.01,182.95,4254.06
2023-02-12,2,103,11,4893.38,452.7,4440.68
2023-02-13,3,104,12,1095.92,399.71,696.21
2023-02-14,1,100,10,5463.1,51.98,5411.12
2023-02-15,2,101,11,2240.99,141.58,2099.41
2023-02-16,3,102,12,3840.56,495.74,3344.82
2023-02-17,1,103,10,1171.75,420.46,751.29
2023-02-18,2,104,11,1567.65,487.03,1080.62
2023-02-19,3,100,12,1219.3,233.01,986.29
2023-02-20,1,101,10,4601.0,362.3,4238.7
2023-02-21,2,102,11,4931.42,196.75,4734.67
2023-02-22,3,103,12,3030.84,440.25,2590.59
2023-02-23,1,104,10,3091.85,299.13,2792.72
2023-02-24,2,100,11,3357.58,401.84,2955.74
2023-02-25,3,101,12,5509.31,297.95,5211.36
2023-02-26,1,102,10,4098.98,458.8,3640.18
2023-02-27,2,103,11,4726.75,18.44,4708.31
2023-02-28,3,104,12,3391.77,373.16,3018.61
2023-03-01,1,100,10,3664.7,286.23,3378.47
2023-03-02,2,101,11,5961.57,311.69,5649.88
2023-03-03,3,102,12,3430.59,365.48,3065.11
2023-03-04,1,103,10,3836.95,206.64,3630.31
2023-03-05,2,104,11,1047.11,17.47,1029.64
2023-03-06,3,100,12,5992.09,209.95,5782.14
2023-03-07,1,101,10,2380.61,102.72,2277.89
2023-03-08,2,102,11,3566.55,247.48,3319.07
2023-03-09,3,103,12,1901.83,338.83,1563.0
2023-03-10,1,104,10,3610.15,221.88,3388.27
2023-03-11,2,100,11,4258.81,415.97,3842.84
2023-03-12,3,101,12,2496.42,94.47,2401.95
2023-03-13,1,102,10,2054.25,483.16,1571.09
2023-03-14,2,103,11,2773.4,374.41,2398.99
2023-03-15,3,104,12,2677.11,377.7,2299.41
2023-03-16,1,100,10,4813.48,186.52,4626.96
2023-03-17,2,101,11,5881.18,234.2,5646.98
2023-03-18,3,102,12,3043.35,335.32,2708.03
2023-03-19,1,103,10,2564.24,345.3,2218.94
2023-03-20,2,104,11,4141.01,382.9,3758.11
2023-03-21,3,100,12,2190.82,13.4,2177.42
2023-03-22,1,101,10,1224.17,338.31,885.86
2023-03-23,2,102,11,4082.69,260.78,3821.91
2023-03-24,3,103,12,2681.62,235.89,2445.73
2023-03-25,1,104,10,3150.84,124.72,3026.12
2023-03-26,2,100,11,3898.07,328.16,3569.91
2023-03-27,3,101,12,4715.0,76.92,4638.08
2023-03-28,1,102,10,2294.55,106.79,2187.76
2023-03-29,2,103,11,5316.92,37.79,5279.13
2023-03-30,3,104,12,5180.86,259.67,4921.19
2023-03-31,1,100,10,3516.13,25.94,3490.19
2023-04-01,2,101,11,2103.08,114.91,1988.17
2023-04-02,3,102,12,1091.48,113.05,978.43
2023-04-03,1,103,10,1074.36,76.52,997.84
2023-04-04,2,104,11,3157.13,70.43,3086.7
2023-04-05,3,100,12,1326.33,93.77,1232.56
2023-04-06,1,101,10,3148.23,149.04,2999.19
2023-04-07,2,102,11,1851.49,48.03,1803.46
2023-04-08,3,103,12,5059.38,110.35,4949.03
2023-04-09,1,104,10,2302.16,25.22,2276.94
2023-04-10,2,100,11,4905.58,319.97,4585.61
2023-04-11,3,101,12,4659.04,367.84,4291.2
2023-04-12,1,102,10,3949.79,448.57,3501.22
2023-04-13,2,103,11,5486.97,332.63,5154.34
2023-04-14,3,104,12,2608.95,497.04,2111.91
2023-04-15,1,100,10,3575.13,332.63,3242.5
2023-04-16,2,101,11,3496.97,60.2,3436.77
2023-04-17,3,102,12,3864.33,78.96,3785.37
2023-04-18,1,103,10,4799.79,1.76,4798.03
2023-04-19,2,104,11,2263.36,70.26,2193.1
2023-04-20,3,100,12,2158.48,454.57,1703.91
2023-04-21,1,101,10,1419.49,393.39,1026.1
2023-04-22,2,102,11,4647.96,385.81,4262.15
2023-04-23,3,103,12,5286.58,309.59,4976.99
2023-04-24,1,104,10,5769.94,371.1,5398.84
2023-04-25,2,100,11,1550.28,280.81,1269.47
2023-04-26,3,101,12,2869.26,346.05,2523.21
2023-04-27,1,102,10,4290.16,361.22,3928.94
2023-04-28,2,103,11,5093.39,278.33,4815.06
2023-04-29,3,104,12,1272.18,85.73,1186.45
2023-04-30,1,100,10,5316.92,495.54,4821.38
2023-05-01,2,101,11,5738.23,6.76,5731.47
2023-05-02,3,102,12,5856.31,393.58,5462.73
2023-05-03,1,103,10,5478.49,388.53,5089.96
2023-05-04,2,104,11,3966.12,106.97,3859.15
2023-05-05,3,100,12,1921.19,26.35,1894.84
2023-05-06,1,101,10,5603.0,360.06,5242.94
2023-05-07,2,102,11,1171.36,168.81,1002.55
2023-05-08,3,103,12,2213.82,478.33,1735.49
2023-05-09,1,104,10,2185.84,57.64,2128.2
2023-05-10,2,100,11,5992.4,379.91,5612.49
2023-05-11,3,101,12,4701.25,136.71,4564.54
2023-05-12,1,102,10,5098.21,305.69,4792.52
2023-05-13,2,103,11,1976.42,225.18,1751.24
2023-05-14,3,104,12,2186.73,248.87,1937.86
2023-05-15,1,100,10,4926.35,424.55,4501.8
2023-05-16,2,101,11,5495.64,91.09,5404.55
2023-05-17,3,102,12,5828.82,158.7,5670.12
2023-05-18,1,103,10,4550.43,263.77,4286.66
2023-05-19,2,104,11,4295.92,23.68,4272.24
2023-05-20,3,100,12,1351.84,99.66,1252.18
2023-05-21,1,101,10,1170.14,355.57,814.57
2023-05-22,2,102,11,3101.63,115.37,2986.26
2023-05-23,3,103,12,3806.01,81.76,3724.25
2023-05-24,1,104,10,3679.32,431.71,3247.61
2023-05-25,2,100,11,3368.89,329.93,3038.96
2023-05-26,3,101,12,1582.82,340.7,1242.12
2023-05-27,1,102,10,4677.4,117.44,4559.96
2023-05-28,2,103,11,5427.68,244.85,5182.83
2023-05-29,3,104,12,4427.81,428.67,3999.14
2023-05-30,1,100,10,3381.86,376.86,3005.0
2023-05-31,2,101,11,1263.5,143.11,1120.39
2023-06-01,3,102,12,2503.2,314.45,2188.75
2023-06-02,1,103,10,1547.93,121.72,1426.21
2023-06-03,2,104,11,5264.56,338.89,4925.67
2023-06-04,3,100,12,1090.67,206.89,883.78
2023-06-05,1,101,10,2968.05,193.78,2774.27
2023-06-06,2,102,11,2448.33,153.47,2294.86
2023-06-07,3,103,12,2107.53,225.98,1881.55
2023-06-08,1,104,10,1367.09,33.39,1333.7
2023-06-09,2,100,11,3808.78,461.83,3346.95
2023-06-10,3,101,12,2620.71,383.36,2237.35
2023-06-11,1,102,10,5868.06,41.92,5826.14
2023-06-12,2,103,11,2524.55,10.27,2514.28
2023-06-13,3,104,12,3885.68,68.25,3817.43
2023-06-14,1,100,10,3883.69,161.96,3721.73
2023-06-15,2,101,11,5177.47,22.35,5155.12
2023-06-16,3,102,12,5395.67,55.87,5339.8
2023-06-17,1,103,10,5262.65,439.64,4823.01
2023-06-18,2,104,11,3797.13,137.51,3659.62
2023-06-19,3,100,12,4360.88,469.14,3891.74
2023-06-20,1,101,10,1664.1,488.2,1175.9
2023-06-21,2,102,11,2899.44,461.15,2438.29
2023-06-22,3,103,12,3137.45,262.49,2874.96
2023-06-23,1,104,10,3257.3,441.14,2816.16
2023-06-24,2,100,11,2844.85,215.79,2629.06
2023-06-25,3,101,12,3379.6,211.53,3168.07
2023-06-26,1,102,10,5400.4,342.13,5058.27
2023-06-27,2,103,11,3601.57,65.33,3536.24
2023-06-28,3,104,12,1300.66,147.78,1152.88
2023-06-29,1,100,10,4307.48,84.08,4223.4
2023-06-30,2,101,11,1339.76,388.47,951.29
2023-07-01,3,102,12,4254.24,286.14,3968.1
2023-07-02,1,103,10,3453.38,492.75,2960.63
2023-07-03,2,104,11,4837.13,295.7,4541.43
2023-07-04,3,100,12,2774.69,398.35,2376.34
2023-07-05,1,101,10,4080.18,248.09,3832.09
2023-07-06,2,102,11,5892.02,264.4,5627.62
2023-07-07,3,103,12,5899.27,409.12,5490.15
2023-07-08,1,104,10,5671.31,32.94,5638.37
2023-07-09,2,100,11,2523.31,71.34,2451.97
2023-07-10,3,101,12,3957.14,170.82,3786.32
2023-07-11,1,102,10,3516.71,129.79,3386.92
2023-07-12,2,103,11,3138.12,465.67,2672.45
2023-07-13,3,104,12,3649.94,171.91,3478.03
2023-07-14,1,100,10,5948.32,230.7,5717.62
2023-07-15,2,101,11,1353.46,446.55,906.91
2023-07-16,3,102,12,5926.27,223.93,5702.34
2023-07-17,1,103,10,5159.11,145.72,5013.39
2023-07-18,2,104,11,3683.77,473.63,3210.14
2023-07-19,3,100,12,2797.6,102.07,2695.53
2023-07-20,1,101,10,3176.32,186.83,2989.49
2023-07-21,2,102,11,2383.87,279.81,2104.06
2023-07-22,3,103,12,1182.9,461.07,721.83
2023-07-23,1,104,10,1466.86,382.71,1084.15
2023-07-24,2,100,11,2433.65,145.77,2287.88
2023-07-25,3,101,12,5818.22,233.45,5584.77
2023-07-26,1,102,10,3674.24,299.69,3374.55
2023-07-27,2,103,11,2355.35,64.75,2290.6
2023-07-28,3,104,12,1180.62,396.3,784.32
2023-07-29,1,100,10,2039.15,95.14,1944.01
2023-07-30,2,101,11,2824.22,8.77,2815.45
2023-07-31,3,102,12,4635.54,102.72,4532.82
2023-08-01,1,103,10,5104.95,146.85,4958.1
2023-08-02,2,104,11,4896.23,201.9,4694.33
2023-08-03,3,100,12,2825.03,51.79,2773.24
2023-08-04,1,101,10,5604.84,496.29,5108.55
2023-08-05,2,102,11,5674.17,157.4,5516.77
2023-08-06,3,103,12,2824.74,218.36,2606.38
2023-08-07,1,104,10,5503.24,54.15,5449.09
2023-08-08,2,100,11,1168.25,431.66,736.59
2023-08-09,3,101,12,3698.63,415.49,3283.14
2023-08-10,1,102,10,2009.86,449.15,1560.71
2023-08-11,2,103,11,5940.09,193.02,5747.07
2023-08-12,3,104,12,3139.52,172.35,2967.17
2023-08-13,1,100,10,3318.49,66.51,3251.98
2023-08-14,2,101,11,5175.62,466.47,4709.15
2023-08-15,3,102,12,3153.22,415.83,2737.39
2023-08-16,1,103,10,1631.33,328.73,1302.6
2023-08-17,2,104,11,2779.31,53.47,2725.84
2023-08-18,3,100,12,2154.37,98.91,2055.46
2023-08-19,1,101,10,1468.66,330.56,1138.1
2023-08-20,2,102,11,2656.92,349.89,2307.03
2023-08-21,3,103,12,5244.56,4.74,5239.82
2023-08-22,1,104,10,3135.13,26.46,3108.67
2023-08-23,2,100,11,5903.03,185.47,5717.56
2023-08-24,3,101,12,2385.99,220.22,2165.77
2023-08-25,1,102,10,1120.46,171.46,949.0
2023-08-26,2,103,11,2780.5,399.73,2380.77
2023-08-27,3,104,12,1203.72,77.61,1126.11
2023-08-28,1,100,10,3383.04,258.47,3124.57
2023-08-29,2,101,11,5756.56,98.55,5658.01
2023-08-30,3,102,12,2340.69,458.99,1881.7
2023-08-31,1,103,10,2537.55,329.24,2208.31
2023-09-01,2,104,11,1173.15,251.16,921.99
2023-09-02,3,100,12,3246.43,243.67,3002.76
2023-09-03,1,101,10,5906.23,78.61,5827.62
2023-09-04,2,102,11,4204.4,435.37,3769.03
2023-09-05,3,103,12,4975.0,204.64,4770.36
2023-09-06,1,104,10,3094.98,176.8,2918.18
2023-09-07,2,100,11,2452.23,465.83,1986.4
2023-09-08,3,101,12,4030.53,291.11,3739.42
2023-09-09,1,102,10,4124.61,59.21,4065.4
2023-09-10,2,103,11,3422.02,429.4,2992.62
2023-09-11,3,104,12,5948.04,176.03,5772.01
2023-09-12,1,100,10,1610.44,403.42,1207.02
2023-09-13,2,101,11,4431.18,313.95,4117.23
2023-09-14,3,102,12,4725.63,478.87,4246.76
2023-09-15,1,103,10,1837.75,336.25,1501.5
2023-09-16,2,104,11,1125.47,248.29,877.18
2023-09-17,3,100,12,1070.84,477.68,593.16
2023-09-18,1,101,10,3788.16,42.21,3745.95
2023-09-19,2,102,11,4871.08,218.54,4652.54
2023-09-20,3,103,12,1743.62,221.94,1521.68
2023-09-21,1,104,10,5724.35,133.66,5590.69
2023-09-22,2,100,11,1008.4,486.92,521.48
2023-09-23,3,101,12,1531.74,270.81,1260.93
2023-09-24,1,102,10,4989.64,121.98,4867.66
2023-09-25,2,103,11,2695.92,413.16,2282.76
2023-09-26,3,104,12,5113.23,416.96,4696.27
2023-09-27,1,100,10,2732.26,75.67,2656.59
2023-09-28,2,101,11,5061.5,333.33,4728.17
2023-09-29,3,102,12,1269.44,178.14,1091.3
2023-09-30,1,103,10,3598.22,387.85,3210.37
2023-10-01,2,104,11,2225.75,117.08,2108.67
2023-10-02,3,100,12,1250.78,37.85,1212.93
2023-10-03,1,101,10,2580.05,108.65,2471.4
2023-10-04,2,102,11,5974.22,121.32,5852.9
2023-10-05,3,103,12,2785.72,286.71,2499.01
2023-10-06,1,104,10,4881.98,484.47,4397.51
2023-10-07,2,100,11,3328.72,264.74,3063.98
2023-10-08,3,101,12,1275.29,421.03,854.26
2023-10-09,1,102,10,2740.18,406.36,2333.82
2023-10-10,2,103,11,5570.87,401.85,5169.02
2023-10-11,3,104,12,4183.77,388.79,3794.98
2023-10-12,1,100,10,4626.38,95.52,4530.86
2023-10-13,2,101,11,4878.24,305.12,4573.12
2023-10-14,3,102,12,2933.98,460.74,2473.24
2023-10-15,1,103,10,2949.06,347.08,2601.98
2023-10-16,2,104,11,3473.8,130.13,3343.67
2023-10-17,3,100,12,3788.5,363.1,3425.4
2023-10-18,1,101,10,5686.31,211.4,5474.91
2023-10-19,2,102,11,4393.46,395.43,3998.03
2023-10-20,3,103,12,3490.53,378.09,3112.44
2023-10-21,1,104,10,1715.18,105.09,1610.09
2023-10-22,2,100,11,5098.97,333.1,4765.87
2023-10-23,3,101,12,1893.16,348.49,1544.67
2023-10-24,1,102,10,5324.98,16.66,5308.32
2023-10-25,2,103,11,5060.66,86.13,4974.53
2023-10-26,3,104,12,3902.84,352.37,3550.47
2023-10-27,1,100,10,4598.64,248.89,4349.75
2023-10-28,2,101,11,5284.86,245.93,5038.93
2023-10-29,3,102,12,5200.74,295.31,4905.43
2023-10-30,1,103,10,3597.36,292.44,3304.92
2023-10-31,2,104,11,3948.0,196.34,3751.66
2023-11-01,3,100,12,1889.2,419.35,1469.85
2023-11-02,1,101,10,4437.06,433.47,4003.59
2023-11-03,2,102,11,4263.51,306.72,3956.79
2023-11-04,3,103,12,1146.48,422.55,723.93
2023-11-05,1,104,10,3633.54,440.17,3193.37
2023-11-06,2,100,11,1490.55,249.95,1240.6
2023-11-07,3,101,12,5623.82,460.77,5163.05
2023-11-08,1,102,10,4867.03,348.01,4519.02
2023-11-09,2,103,11,2846.16,123.87,2722.29
2023-11-10,3,104,12,2521.51,362.98,2158.53
2023-11-11,1,100,10,1543.82,191.92,1351.9
2023-11-12,2,101,11,4320.74,466.7,3854.04
2023-11-13,3,102,12,2022.34,396.16,1626.18
2023-11-14,1,103,10,3816.36,110.04,3706.32
2023-11-15,2,104,11,4672.47,426.18,4246.29
2023-11-16,3,100,12,4500.03,67.41,4432.62
2023-11-17,1,101,10,2395.5,80.42,2315.08
2023-11-18,2,102,11,5970.73,126.61,5844.12
2023-11-19,3,103,12,2763.18,182.77,2580.41
2023-11-20,1,104,10,1143.51,63.01,1080.5
2023-11-21,2,100,11,5602.95,102.2,5500.75
2023-11-22,3,101,12,2421.52,371.01,2050.51
2023-11-23,1,102,10,4208.26,345.7,3862.56
2023-11-24,2,103,11,4517.67,454.28,4063.39
2023-11-25,3,104,12,1618.91,217.27,1401.64
2023-11-26,1,100,10,5421.15,228.01,5193.14
2023-11-27,2,101,11,2494.39,234.84,2259.55
2023-11-28,3,102,12,1286.38,176.1,1110.28
2023-11-29,1,103,10,3274.05,283.01,2991.04
2023-11-30,2,104,11,2005.68,291.02,1714.66
2023-12-01,3,100,12,2810.01,480.83,2329.18
2023-12-02,1,101,10,5834.47,261.08,5573.39
2023-12-03,2,102,11,2990.9,105.94,2884.96
2023-12-04,3,103,12,4533.19,269.41,4263.78
2023-12-05,1,104,10,1556.33,240.36,1315.97
2023-12-06,2,100,11,4759.5,72.51,4686.99
2023-12-07,3,101,12,2484.9,465.04,2019.86
2023-12-08,1,102,10,5204.58,289.16,4915.42
2023-12-09,2,103,11,1711.65,337.56,1374.09
2023-12-10,3,104,12,2407.34,211.87,2195.47
2023-12-11,1,100,10,1052.89,203.27,849.62
2023-12-12,2,101,11,4377.97,115.12,4262.85
2023-12-13,3,102,12,3058.01,455.22,2602.79
2023-12-14,1,103,10,2723.19,61.36,2661.83
2023-12-15,2,104,11,1581.82,455.9,1125.92
2023-12-16,3,100,12,4107.95,217.18,3890.77
2023-12-17,1,101,10,3670.09,106.2,3563.89
2023-12-18,2,102,11,2193.86,261.16,1932.7
2023-12-19,3,103,12,5975.93,338.13,5637.8
2023-12-20,1,104,10,4167.75,362.1,3805.65
2023-12-21,2,100,11,2653.54,237.4,2416.14
2023-12-22,3,101,12,5539.09,43.22,5495.87
2023-12-23,1,102,10,3091.57,245.67,2845.9
2023-12-24,2,103,11,5937.38,453.06,5484.32
2023-12-25,3,104,12,1202.69,103.61,1099.08
2023-12-26,1,100,10,5660.88,123.05,5537.83
2023-12-27,2,101,11,1523.29,365.88,1157.41
2023-12-28,3,102,12,3468.43,70.67,3397.76
2023-12-29,1,103,10,3374.47,208.36,3166.11
2023-12-30,2,104,11,5058.19,0.9,5057.29
2023-12-31,3,100,12,1401.76,40.84,1360.92
2024-01-01,1,101,10,5969.69,499.19,5470.5
2024-01-02,2,102,11,2554.23,118.83,2435.4
2024-01-03,3,103,12,4814.25,148.9,4665.35
2024-01-04,1,104,10,1599.79,183.48,1416.31
2024-01-05,2,100,11,3812.69,238.35,3574.34
2024-01-06,3,101,12,3487.88,194.11,3293.77
2024-01-07,1,102,10,2264.48,126.01,2138.47
2024-01-08,2,103,11,3520.35,343.24,3177.11
2024-01-09,3,104,12,4204.78,394.37,3810.41
2024-01-10,1,100,10,1244.72,226.74,1017.98
2024-01-11,2,101,11,3597.18,384.87,3212.31
2024-01-12,3,102,12,1504.27,213.2,1291.07
2024-01-13,1,103,10,5394.44,74.11,5320.33
2024-01-14,2,104,11,1975.18,466.96,1508.22
2024-01-15,3,100,12,1712.3,124.98,1587.32
2024-01-16,1,101,10,1536.75,16.09,1520.66
2024-01-17,2,102,11,4622.0,299.01,4322.99
2024-01-18,3,103,12,2753.51,130.18,2623.33
2024-01-19,1,104,10,1106.82,227.08,879.74
2024-01-20,2,100,11,4404.01,133.48,4270.53
2024-01-21,3,101,12,3735.9,223.5,3512.4
2024-01-22,1,102,10,5880.3,99.89,5780.41
2024-01-23,2,103,11,2624.95,264.08,2360.87
2024-01-24,3,104,12,4394.73,147.05,4247.68
2024-01-25,1,100,10,4054.19,402.85,3651.34
2024-01-26,2,101,11,2148.68,492.7,1655.98
2024-01-27,3,102,12,1318.79,167.9,1150.89
2024-01-28,1,103,10,2517.76,29.32,2488.44
2024-01-29,2,104,11,5247.84,431.95,4815.89
2024-01-30,3,100,12,2613.39,131.29,2482.1
2024-01-31,1,101,10,5433.26,355.69,5077.57
2024-02-01,2,102,11,5487.9,142.65,5345.25
2024-02-02,3,103,12,2440.42,89.11,2351.31
2024-02-03,1,104,10,5894.25,340.32,5553.93
2024-02-04,2,100,11,2069.25,228.5,1840.75
2024-02-05,3,101,12,5657.7,13.32,5644.38
2024-02-06,1,102,10,1897.95,293.42,1604.53
2024-02-07,2,103,11,1603.24,472.24,1131.0
2024-02-08,3,104,12,1093.43,131.05,962.38
2024-02-09,1,100,10,2546.81,164.74,2382.07
2024-02-10,2,101,11,5286.64,225.06,5061.58
2024-02-11,3,102,12,3874.33,132.84,3741.49
2024-02-12,1,103,10,4905.02,132.35,4772.67
2024-02-13,2,104,11,5594.53,75.43,5519.1
2024-02-14,3,100,12,5833.47,163.43,5670.04
2024-02-15,1,101,10,4399.33,46.66,4352.67
2024-02-16,2,102,11,1880.79,188.72,1692.07
2024-02-17,3,103,12,1936.52,136.38,1800.14
2024-02-18,1,104,10,2928.65,283.64,2645.01
2024-02-19,2,100,11,2488.31,420.83,2067.48
2024-02-20,3,101,12,4308.28,149.23,4159.05
2024-02-21,1,102,10,4604.75,155.42,4449.33
2024-02-22,2,103,11,2187.69,126.27,2061.42
2024-02-23,3,104,12,2779.22,171.02,2608.2
2024-02-24,1,100,10,3250.28,427.48,2822.8
2024-02-25,2,101,11,3228.93,77.23,3151.7
2024-02-26,3,102,12,1085.74,156.16,929.58
2024-02-27,1,103,10,1130.14,420.23,709.91
2024-02-28,2,104,11,5475.36,493.62,4981.74
2024-02-29,3,100,12,2152.7,334.55,1818.15
2024-03-01,1,101,10,1860.92,235.69,1625.23
2024-03-02,2,102,11,5432.81,314.76,5118.05
2024-03-03,3,103,12,4661.33,229.43,4431.9
2024-03-04,1,104,10,4669.45,72.51,4596.94
2024-03-05,2,100,11,4993.0,285.41,4707.59
2024-03-06,3,101,12,2376.06,231.03,2145.03
2024-03-07,1,102,10,4785.2,323.83,4461.37
2024-03-08,2,103,11,4488.09,253.15,4234.94
2024-03-09,3,104,12,1284.44,142.98,1141.46
2024-03-10,1,100,10,1312.32,300.43,1011.89
2024-03-11,2,101,11,2315.59,339.55,1976.04
2024-03-12,3,102,12,2582.57,309.72,2272.85
2024-03-13,1,103,10,1747.02,487.74,1259.28
2024-03-14,2,104,11,2041.34,466.47,1574.87
2024-03-15,3,100,12,4007.02,321.7,3685.32
2024-03-16,1,101,10,4424.75,398.44,4026.31
2024-03-17,2,102,11,2478.75,87.36,2391.39
2024-03-18,3,103,12,1079.63,342.04,737.59
2024-03-19,1,104,10,1265.56,430.86,834.7
2024-03-20,2,100,11,5461.33,179.41,5281.92
2024-03-21,3,101,12,2222.54,113.84,2108.7
2024-03-22,1,102,10,5265.24,94.07,5171.17
2024-03-23,2,103,11,2359.64,431.21,1928.43
2024-03-24,3,104,12,1688.67,88.76,1599.91
2024-03-25,1,100,10,2058.49,249.96,1808.53
2024-03-26,2,101,11,2758.98,194.91,2564.07
2024-03-27,3,102,12,2630.58,123.53,2507.05
2024-03-28,1,103,10,5751.98,87.05,5664.93
2024-03-29,2,104,11,2766.85,487.43,2279.42
2024-03-30,3,100,12,3335.71,260.29,3075.42
2024-03-31,1,101,10,5769.06,333.56,5435.5
2024-04-01,2,102,11,3358.43,309.95,3048.48
2024-04-02,3,103,12,5506.73,416.29,5090.44
2024-04-03,1,104,10,1324.2,407.85,916.35
2024-04-04,2,100,11,5089.06,5.25,5083.81
2024-04-05,3,101,12,1885.8,334.63,1551.17
2024-04-06,1,102,10,5710.14,407.53,5302.61
2024-04-07,2,103,11,5739.87,494.06,5245.81
2024-04-08,3,104,12,4445.11,39.33,4405.78
2024-04-09,1,100,10,4205.53,373.92,3831.61
2024-04-10,2,101,11,5719.84,184.34,5535.5
2024-04-11,3,102,12,2874.04,291.29,2582.75
2024-04-12,1,103,10,5574.97,286.92,5288.05
2024-04-13,2,104,11,2420.91,105.25,2315.66
2024-04-14,3,100,12,1511.68,12.44,1499.24
2024-04-15,1,101,10,5532.6,77.14,5455.46
2024-04-16,2,102,11,1071.11,98.9,972.21
2024-04-17,3,103,12,4968.67,339.05,4629.62
2024-04-18,1,104,10,5233.08,345.76,4887.32
2024-04-19,2,100,11,2774.89,96.61,2678.28
2024-04-20,3,101,12,3685.58,348.56,3337.02
2024-04-21,1,102,10,2843.71,150.18,2693.53
2024-04-22,2,103,11,1339.58,391.62,947.96
2024-04-23,3,104,12,3369.63,141.56,3228.07
2024-04-24,1,100,10,2906.36,349.72,2556.64
2024-04-25,2,101,11,2030.0,226.12,1803.88
2024-04-26,3,102,12,3813.24,186.34,3626.9
2024-04-27,1,103,10,5524.47,14.75,5509.72
2024-04-28,2,104,11,5939.45,66.38,5873.07
2024-04-29,3,100,12,2303.97,71.97,2232.0
2024-04-30,1,101,10,4722.69,230.75,4491.94
2024-05-01,2,102,11,5699.83,446.1,5253.73
2024-05-02,3,103,12,1103.04,438.91,664.13
2024-05-03,1,104,10,4010.55,9.72,4000.83
2024-05-04,2,100,11,1805.55,307.54,1498.01
2024-05-05,3,101,12,4585.95,249.05,4336.9
2024-05-06,1,102,10,5147.19,115.55,5031.64
2024-05-07,2,103,11,2182.85,60.46,2122.39
2024-05-08,3,104,12,3496.81,323.19,3173.62
2024-05-09,1,100,10,5239.97,250.81,4989.16
2024-05-10,2,101,11,3050.79,482.98,2567.81
2024-05-11,3,102,12,3578.29,342.54,3235.75
2024-05-12,1,103,10,5797.93,98.82,5699.11
2024-05-13,2,104,11,2543.49,135.49,2408.0
2024-05-14,3,100,12,4128.78,229.74,3899.04
2024-05-15,1,101,10,4133.61,261.19,3872.42
2024-05-16,2,102,11,3321.15,477.49,2843.66
2024-05-17,3,103,12,1971.57,66.89,1904.68
2024-05-18,1,104,10,3461.91,141.45,3320.46
2024-05-19,2,100,11,3294.76,412.1,2882.66
2024-05-20,3,101,12,1268.34,269.46,998.88
2024-05-21,1,102,10,2779.28,49.7,2729.58
2024-05-22,2,103,11,2911.92,22.74,2889.18
2024-05-23,3,104,12,1204.98,42.81,1162.17
2024-05-24,1,100,10,2009.08,99.48,1909.6
2024-05-25,2,101,11,4046.11,102.37,3943.74
2024-05-26,3,102,12,4842.98,318.74,4524.24
2024-05-27,1,103,10,5595.27,495.02,5100.25
2024-05-28,2,104,11,1824.44,156.27,1668.17
2024-05-29,3,100,12,4075.83,335.61,3740.22
2024-05-30,1,101,10,5496.93,315.98,5180.95
2024-05-31,2,102,11,3071.77,422.22,2649.55
2024-06-01,3,103,12,4533.88,452.05,4081.83
2024-06-02,1,104,10,4615.83,102.58,4513.25
2024-06-03,2,100,11,1097.21,302.33,794.88
2024-06-04,3,101,12,4396.83,344.13,4052.7
2024-06-05,1,102,10,3819.1,126.0,3693.1
2024-06-06,2,103,11,1728.97,373.72,1355.25
2024-06-07,3,104,12,1258.78,477.38,781.4
2024-06-08,1,100,10,2681.38,494.84,2186.54
2024-06-09,2,101,11,5681.84,245.52,5436.32
2024-06-10,3,102,12,4565.09,247.15,4317.94
2024-06-11,1,103,10,3759.78,95.72,3664.06
2024-06-12,2,104,11,5195.66,122.83,5072.83
2024-06-13,3,100,12,4211.04,82.82,4128.22
2024-06-14,1,101,10,3146.95,358.86,2788.09
2024-06-15,2,102,11,5674.66,18.87,5655.79
2024-06-16,3,103,12,5877.39,25.44,5851.95
2024-06-17,1,104,10,2985.92,214.6,2771.32
2024-06-18,2,100,11,1693.88,187.38,1506.5
2024-06-19,3,101,12,5199.7,43.52,5156.18
2024-06-20,1,102,10,3148.85,419.45,2729.4
2024-06-21,2,103,11,5049.59,157.07,4892.52
2024-06-22,3,104,12,1363.38,386.58,976.8
2024-06-23,1,100,10,3747.86,474.19,3273.67
2024-06-24,2,101,11,4006.59,198.61,3807.98
2024-06-25,3,102,12,3604.71,387.34,3217.37
2024-06-26,1,103,10,2611.46,162.51,2448.95
2024-06-27,2,104,11,5375.86,247.04,5128.82
2024-06-28,3,100,12,2344.93,411.41,1933.52
2024-06-29,1,101,10,4263.08,50.02,4213.06
2024-06-30,2,102,11,4484.43,18.71,4465.72
2024-07-01,3,103,12,2373.07,330.99,2042.08
2024-07-02,1,104,10,1929.69,188.65,1741.04
2024-07-03,2,100,11,2242.3,308.73,1933.57
2024-07-04,3,101,12,3222.01,254.49,2967.52
2024-07-05,1,102,10,3645.05,114.2,3530.85
2024-07-06,2,103,11,4597.4,323.16,4274.24
2024-07-07,3,104,12,3404.84,114.57,3290.27
2024-07-08,1,100,10,3303.35,357.79,2945.56
2024-07-09,2,101,11,5539.77,329.66,5210.11
2024-07-10,3,102,12,4478.35,376.71,4101.64
2024-07-11,1,103,10,4571.22,355.61,4215.61
2024-07-12,2,104,11,5676.76,192.3,5484.46
2024-07-13,3,100,12,2073.12,54.68,2018.44
2024-07-14,1,101,10,5334.1,259.68,5074.42
2024-07-15,2,102,11,3596.24,58.46,3537.78
2024-07-16,3,103,12,1334.67,193.94,1140.73
2024-07-17,1,104,10,4516.12,272.14,4243.98
2024-07-18,2,100,11,4401.26,120.78,4280.48
2024-07-19,3,101,12,4082.71,249.77,3832.94
2024-07-20,1,102,10,5076.48,481.54,4594.94
2024-07-21,2,103,11,1565.95,464.27,1101.68
2024-07-22,3,104,12,5518.3,171.85,5346.45
2024-07-23,1,100,10,5046.82,125.86,4920.96
2024-07-24,2,101,11,2435.13,462.7,1972.43
2024-07-25,3,102,12,1652.34,305.42,1346.92
2024-07-26,1,103,10,2548.04,254.46,2293.58
2024-07-27,2,104,11,1775.72,235.2,1540.52
2024-07-28,3,100,12,3548.58,24.15,3524.43
2024-07-29,1,101,10,2412.5,439.38,1973.12
2024-07-30,2,102,11,5076.18,133.42,4942.76
2024-07-31,3,103,12,3068.16,486.47,2581.69
2024-08-01,1,104,10,5080.04,194.74,4885.3
2024-08-02,2,100,11,4855.48,405.87,4449.61
2024-08-03,3,101,12,2351.25,478.12,1873.13
2024-08-04,1,102,10,2648.5,325.32,2323.18
2024-08-05,2,103,11,4140.9,146.63,3994.27
2024-08-06,3,104,12,3195.39,336.53,2858.86
2024-08-07,1,100,10,1606.82,275.95,1330.87
2024-08-08,2,101,11,2870.79,188.77,2682.02
2024-08-09,3,102,12,1796.71,224.27,1572.44
2024-08-10,1,103,10,4226.0,54.53,4171.47
2024-08-11,2,104,11,2010.11,150.23,1859.88
2024-08-12,3,100,12,3617.76,380.96,3236.8
2024-08-13,1,101,10,2105.63,148.82,1956.81
2024-08-14,2,102,11,1295.68,40.8,1254.88
2024-08-15,3,103,12,5575.52,121.57,5453.95
2024-08-16,1,104,10,1386.22,33.57,1352.65
2024-08-17,2,100,11,3200.68,195.38,3005.3
2024-08-18,3,101,12,5201.75,407.49,4794.26
2024-08-19,1,102,10,3138.17,67.42,3070.75
2024-08-20,2,103,11,4186.2,85.49,4100.71
2024-08-21,3,104,12,2705.7,110.37,2595.33
2024-08-22,1,100,10,5587.48,156.28,5431.2
2024-08-23,2,101,11,2725.65,412.81,2312.84
2024-08-24,3,102,12,4562.24,267.26,4294.98
2024-08-25,1,103,10,1678.43,392.17,1286.26
2024-08-26,2,104,11,5218.83,362.84,4855.99
2024-08-27,3,100,12,1026.43,88.85,937.58
2024-08-28,1,101,10,3044.25,205.77,2838.48
2024-08-29,2,102,11,5066.31,482.05,4584.26
2024-08-30,3,103,12,2642.12,11.44,2630.68
2024-08-31,1,104,10,2650.14,129.95,2520.19
2024-09-01,2,100,11,2026.55,294.1,1732.45
2024-09-02,3,101,12,1849.69,50.76,1798.93
2024-09-03,1,102,10,2752.81,285.57,2467.24
2024-09-04,2,103,11,1394.52,490.8,903.72
2024-09-05,3,104,12,5911.09,324.18,5586.91
2024-09-06,1,100,10,1921.48,350.1,1571.38
2024-09-07,2,101,11,2292.91,252.57,2040.34
2024-09-08,3,102,12,1217.37,326.17,891.2
2024-09-09,1,103,10,1016.37,375.95,640.42
2024-09-10,2,104,11,1186.91,483.39,703.52
2024-09-11,3,100,12,5019.97,285.84,4734.13
2024-09-12,1,101,10,1665.41,286.47,1378.94
2024-09-13,2,102,11,3073.64,241.77,2831.87
2024-09-14,3,103,12,4860.1,113.13,4746.97
2024-09-15,1,104,10,2031.95,367.84,1664.11
2024-09-16,2,100,11,3757.2,438.06,3319.14
2024-09-17,3,101,12,4673.0,269.69,4403.31
2024-09-18,1,102,10,3322.36,51.36,3271.0
2024-09-19,2,103,11,4474.11,137.51,4336.6
2024-09-20,3,104,12,5791.24,258.24,5533.0
2024-09-21,1,100,10,1664.1,7.85,1656.25
2024-09-22,2,101,11,3679.26,243.05,3436.21
2024-09-23,3,102,12,3635.54,210.21,3425.33
2024-09-24,1,103,10,4858.66,302.4,4556.26
2024-09-25,2,104,11,5171.47,473.36,4698.11
2024-09-26,3,100,12,2444.28,304.84,2139.44
2024-09-27,1,101,10,5371.51,60.69,5310.82
2024-09-28,2,102,11,5296.82,55.05,5241.77
2024-09-29,3,103,12,5171.72,1.19,5170.53
2024-09-30,1,104,10,4421.46,490.67,3930.79
2024-10-01,2,100,11,2124.88,94.67,2030.21
2024-10-02,3,101,12,3010.22,67.19,2943.03
2024-10-03,1,102,10,3563.37,160.11,3403.26
2024-10-04,2,103,11,4240.32,181.68,4058.64
2024-10-05,3,104,12,1975.38,370.04,1605.34
2024-10-06,1,100,10,1263.19,184.45,1078.74
2024-10-07,2,101,11,4957.2,9.6,4947.6
2024-10-08,3,102,12,3673.35,204.94,3468.41
2024-10-09,1,103,10,3192.41,305.91,2886.5
2024-10-10,2,104,11,2885.13,304.85,2580.28
2024-10-11,3,100,12,2401.11,441.97,1959.14
2024-10-12,1,101,10,3408.67,295.77,3112.9
2024-10-13,2,102,11,4073.22,71.74,4001.48
2024-10-14,3,103,12,5278.09,261.45,5016.64
2024-10-15,1,104,10,2273.21,153.82,2119.39
2024-10-16,2,100,11,3584.18,489.64,3094.54
2024-10-17,3,101,12,4748.84,346.9,4401.94
2024-10-18,1,102,10,5103.53,203.31,4900.22
2024-10-19,2,103,11,3792.84,257.55,3535.29
2024-10-20,3,104,12,2207.0,228.13,1978.87
2024-10-21,1,100,10,5924.79,400.79,5524.0
2024-10-22,2,101,11,4801.39,391.72,4409.67
2024-10-23,3,102,12,5181.53,137.3,5044.23
2024-10-24,1,103,10,2646.47,246.76,2399.71
2024-10-25,2,104,11,1022.01,88.55,933.46
2024-10-26,3,100,12,1281.92,386.64,895.28
2024-10-27,1,101,10,5670.05,428.33,5241.72
2024-10-28,2,102,11,5369.26,281.17,5088.09
2024-10-29,3,103,12,3384.72,128.78,3255.94
2024-10-30,1,104,10,5550.91,484.78,5066.13
2024-10-31,2,100,11,3557.19,487.67,3069.52
2024-11-01,3,101,12,4400.58,114.16,4286.42
2024-11-02,1,102,10,5629.23,210.57,5418.66
2024-11-03,2,103,11,2480.58,283.61,2196.97
2024-11-04,3,104,12,4247.46,35.49,4211.97
2024-11-05,1,100,10,3558.41,112.7,3445.71
2024-11-06,2,101,11,4998.95,37.42,4961.53
2024-11-07,3,102,12,1112.11,250.65,861.46
2024-11-08,1,103,10,3562.75,28.16,3534.59
2024-11-09,2,104,11,4547.89,490.06,4057.83
2024-11-10,3,100,12,4514.1,382.08,4132.02
2024-11-11,1,101,10,1945.53,263.07,1682.46
2024-11-12,2,102,11,5427.8,286.15,5141.65
2024-11-13,3,103,12,4356.4,272.42,4083.98
2024-11-14,1,104,10,2821.66,403.86,2417.8
2024-11-15,2,100,11,5699.89,379.66,5320.23
2024-11-16,3,101,12,2577.52,260.2,2317.32
2024-11-17,1,102,10,4679.38,32.34,4647.04
2024-11-18,2,103,11,1195.2,88.66,1106.54
2024-11-19,3,104,12,4597.19,182.23,4414.96
2024-11-20,1,100,10,5114.18,14.75,5099.43
2024-11-21,2,101,11,2813.33,441.29,2372.04
2024-11-22,3,102,12,5429.23,344.58,5084.65
2024-11-23,1,103,10,5610.44,440.74,5169.7
2024-11-24,2,104,11,2087.62,224.24,1863.38
2024-11-25,3,100,12,1673.79,111.68,1562.11
2024-11-26,1,101,10,2308.84,279.03,2029.81
2024-11-27,2,102,11,2623.48,342.48,2281.0
2024-11-28,3,103,12,2818.25,250.99,2567.26
2024-11-29,1,104,10,5515.25,362.51,5152.74
2024-11-30,2,100,11,3758.18,206.68,3551.5
2024-12-01,3,101,12,3603.7,407.73,3195.97
2024-12-02,1,102,10,1891.45,41.03,1850.42
2024-12-03,2,103,11,3375.3,135.12,3240.18
2024-12-04,3,104,12,2628.57,192.47,2436.1
2024-12-05,1,100,10,2511.77,23.11,2488.66
2024-12-06,2,101,11,3287.68,95.15,3192.53
2024-12-07,3,102,12,4554.01,389.91,4164.1
2024-12-08,1,103,10,2568.42,308.95,2259.47
2024-12-09,2,104,11,5910.7,369.18,5541.52
2024-12-10,3,100,12,1192.77,360.97,831.8
2024-12-11,1,101,10,1145.56,79.2,1066.36
2024-12-12,2,102,11,4025.49,373.87,3651.62
2024-12-13,3,103,12,2491.53,123.43,2368.1
2024-12-14,1,104,10,5343.04,491.11,4851.93
2024-12-15,2,100,11,2406.67,366.44,2040.23
2024-12-16,3,101,12,2314.57,469.15,1845.42
2024-12-17,1,102,10,1214.09,351.96,862.13
2024-12-18,2,103,11,3472.92,145.63,3327.29
2024-12-19,3,104,12,5745.19,380.19,5365.0
2024-12-20,1,100,10,2299.74,175.63,2124.11
2024-12-21,2,101,11,3052.88,334.84,2718.04
2024-12-22,3,102,12,1049.87,48.14,1001.73
2024-12-23,1,103,10,2797.79,351.69,2446.1
2024-12-24,2,104,11,4998.42,410.95,4587.47
2024-12-25,3,100,12,1603.43,140.5,1462.93
2024-12-26,1,101,10,3937.59,67.02,3870.57
2024-12-27,2,102,11,5639.53,22.93,5616.6
2024-12-28,3,103,12,3852.32,342.87,3509.45
2024-12-29,1,104,10,3955.91,345.01,3610.9
2024-12-30,2,100,11,3639.26,178.69,3460.57
2024-12-31,3,101,12,5337.5,155.05,5182.45
