reporting_month,account_id,cost_center_id,actual_amount,budget_amount,budget_variance_absolute,budget_variance_percentage
2023-01-01,100,10,3899.79,107665.71,-103765.92,-96.38
2023-02-01,100,10,5411.12,88033.07,-82621.95,-93.85
2023-03-01,100,10,11495.62,77526.76,-66031.14,-85.17
2023-04-01,100,10,8063.88,117287.98,-109224.1,-93.12
2023-05-01,100,10,7506.8,67847.95,-60341.15,-88.94
2023-06-01,100,10,7945.13,124779.25,-116834.12,-93.63
2023-07-01,100,10,7661.63,129500.8,-121839.17,-94.08
2023-08-01,100,10,6376.55,92743.66,-86367.11,-93.12
2023-09-01,100,10,3863.61,100303.68,-96440.07,-96.15
2023-10-01,100,10,8880.61,72830.66,-63950.05,-87.81
2023-11-01,100,10,6545.04,76261.61,-69716.57,-91.42
2023-12-01,100,10,6387.45,105209.85,-98822.4,-93.93
2024-01-01,100,10,4669.32,58085.22,-53415.9,-91.96
2024-02-01,100,10,5204.87,57535.4,-52330.53,-90.95
2024-03-01,100,10,2820.42,126986.47,-124166.05,-97.78
2024-04-01,100,10,6388.25,71303.05,-64914.8,-91.04
2024-05-01,100,10,6898.76,58638.38,-51739.62,-88.24
2024-06-01,100,10,5460.21,69209.25,-63749.04,-92.11
2024-07-01,100,10,7866.52,68425.15,-60558.63,-88.5
2024-08-01,100,10,6762.07,129620.53,-122858.46,-94.78
2024-09-01,100,10,3227.63,74468.59,-71240.96,-95.67
2024-10-01,100,10,6602.74,85898.9,-79296.16,-92.31
2024-11-01,100,10,8545.14,113103.63,-104558.49,-92.44
2024-12-01,100,10,4612.77,100651.43,-96038.66,-95.42
2023-01-01,101,10,7643.91,78412.25,-70768.34,-90.25
2023-02-01,101,10,9940.03,63649.58,-53709.55,-84.38
2023-03-01,101,10,3163.75,113424.64,-110260.89,-97.21
2023-04-01,101,10,4025.29,66293.98,-62268.69,-93.93
2023-05-01,101,10,6057.51,50180.34,-44122.83,-87.93
2023-06-01,101,10,3950.17,82891.4,-78941.23,-95.23
2023-07-01,101,10,6821.58,97653.87,-90832.29,-93.01
2023-08-01,101,10,6246.65,87919.99,-81673.34,-92.9
2023-09-01,101,10,9573.57,63373.78,-53800.21,-84.89
2023-10-01,101,10,7946.31,77053.25,-69106.94,-89.69
2023-11-01,101,10,6318.67,87551.32,-81232.65,-92.78
2023-12-01,101,10,9137.28,101687.05,-92549.77,-91.01
2024-01-01,101,10,12068.73,110826.64,-98757.91,-89.11
2024-02-01,101,10,4352.67,50766.37,-46413.7,-91.43
2024-03-01,101,10,11087.04,54641.86,-43554.82,-79.71
2024-04-01,101,10,9947.4,69875.02,-59927.62,-85.76
2024-05-01,101,10,9053.37,117075.81,-108022.44,-92.27
2024-06-01,101,10,7001.15,99743.21,-92742.06,-92.98
2024-07-01,101,10,7047.54,61808.98,-54761.44,-88.6
2024-08-01,101,10,4795.29,116066.27,-111270.98,-95.87
2024-09-01,101,10,6689.76,85250.09,-78560.33,-92.15
2024-10-01,101,10,8354.62,114314.44,-105959.82,-92.69
2024-11-01,101,10,3712.27,89687.95,-85975.68,-95.86
2024-12-01,101,10,4936.93,113558.54,-108621.61,-95.65
2023-01-01,102,10,9305.53,70433.2,-61127.67,-86.79
2023-02-01,102,10,7894.24,72329.27,-64435.03,-89.09
2023-03-01,102,10,3758.85,115205.91,-111447.06,-96.74
2023-04-01,102,10,7430.16,56042.31,-48612.15,-86.74
2023-05-01,102,10,9352.48,127613.17,-118260.69,-92.67
2023-06-01,102,10,10884.41,55401.87,-44517.46,-80.35
2023-07-01,102,10,6761.47,81368.25,-74606.78,-91.69
2023-08-01,102,10,2509.71,55733.01,-53223.3,-95.5
2023-09-01,102,10,8933.06,85902.59,-76969.53,-89.6
2023-10-01,102,10,7642.14,76334.87,-68692.73,-89.99
2023-11-01,102,10,8381.58,123169.66,-114788.08,-93.2
2023-12-01,102,10,7761.32,82229.99,-74468.67,-90.56
2024-01-01,102,10,7918.88,122321.99,-114403.11,-93.53
2024-02-01,102,10,6053.86,56728.84,-50674.98,-89.33
2024-03-01,102,10,9632.54,111724.25,-102091.71,-91.38
2024-04-01,102,10,7996.14,129794.27,-121798.13,-93.84
2024-05-01,102,10,7761.22,67597.18,-59835.96,-88.52
2024-06-01,102,10,6422.5,80093.02,-73670.52,-91.98
2024-07-01,102,10,8125.79,121853.25,-113727.46,-93.33
2024-08-01,102,10,5393.93,129482.89,-124088.96,-95.83
2024-09-01,102,10,5738.24,90857.03,-85118.79,-93.68
2024-10-01,102,10,8303.48,87020.05,-78716.57,-90.46
2024-11-01,102,10,10065.7,122994.44,-112928.74,-91.82
2024-12-01,102,10,2712.55,102173.73,-99461.18,-97.35
2023-01-01,103,10,8236.53,58213.49,-49976.96,-85.85
2023-02-01,103,10,6276.21,56695.65,-50419.44,-88.93
2023-03-01,103,10,5849.25,98943.07,-93093.82,-94.09
2023-04-01,103,10,5795.87,62252.15,-56456.28,-90.69
2023-05-01,103,10,9376.62,87356.07,-77979.45,-89.27
2023-06-01,103,10,6249.22,99021.94,-92772.72,-93.69
2023-07-01,103,10,7974.02,101880.03,-93906.01,-92.17
2023-08-01,103,10,8469.01,127394.09,-118925.08,-93.35
2023-09-01,103,10,4711.87,118660.33,-113948.46,-96.03
2023-10-01,103,10,5906.9,65324.71,-59417.81,-90.96
2023-11-01,103,10,6697.36,129099.96,-122402.6,-94.81
2023-12-01,103,10,5827.94,120407.46,-114579.52,-95.16
2024-01-01,103,10,7808.77,66211.08,-58402.31,-88.21
2024-02-01,103,10,5482.58,72893.96,-67411.38,-92.48
2024-03-01,103,10,6924.21,98973.12,-92048.91,-93.0
2024-04-01,103,10,10797.77,120371.81,-109574.04,-91.03
2024-05-01,103,10,10799.36,110186.04,-99386.68,-90.2
2024-06-01,103,10,6113.01,51909.86,-45796.85,-88.22
2024-07-01,103,10,6509.19,74995.95,-68486.76,-91.32
2024-08-01,103,10,5457.73,60899.09,-55441.36,-91.04
2024-09-01,103,10,5196.68,59097.15,-53900.47,-91.21
2024-10-01,103,10,5286.21,98287.05,-93000.84,-94.62
2024-11-01,103,10,8704.29,116606.24,-107901.95,-92.54
2024-12-01,103,10,4705.57,96843.43,-92137.86,-95.14
2023-01-01,104,10,7943.67,89040.08,-81096.41,-91.08
2023-02-01,104,10,6698.69,98893.46,-92194.77,-93.23
2023-03-01,104,10,6414.39,87409.59,-80995.2,-92.66
2023-04-01,104,10,7675.78,101367.68,-93691.9,-92.43
2023-05-01,104,10,5375.81,93723.06,-88347.25,-94.26
2023-06-01,104,10,4149.86,111311.18,-107161.32,-96.27
2023-07-01,104,10,6722.52,123718.73,-116996.21,-94.57
2023-08-01,104,10,8557.76,88147.51,-79589.75,-90.29
2023-09-01,104,10,8508.87,59540.93,-51032.06,-85.71
2023-10-01,104,10,6007.6,63567.23,-57559.63,-90.55
2023-11-01,104,10,4273.87,66110.36,-61836.49,-93.54
2023-12-01,104,10,5121.62,92656.77,-87535.15,-94.47
2024-01-01,104,10,2296.05,77850.12,-75554.07,-97.05
2024-02-01,104,10,8198.94,57804.79,-49605.85,-85.82
2024-03-01,104,10,5431.64,87677.8,-82246.16,-93.8
2024-04-01,104,10,5803.67,107725.96,-101922.29,-94.61
2024-05-01,104,10,7321.29,51202.96,-43881.67,-85.7
2024-06-01,104,10,7284.57,60210.71,-52926.14,-87.9
2024-07-01,104,10,5985.02,69862.25,-63877.23,-91.43
2024-08-01,104,10,8758.14,124346.24,-115588.1,-92.96
2024-09-01,104,10,5594.9,105947.83,-100352.93,-94.72
2024-10-01,104,10,7185.52,109354.22,-102168.7,-93.43
2024-11-01,104,10,7570.54,67004.41,-59433.87,-88.7
2024-12-01,104,10,8462.83,97074.06,-88611.23,-91.28
2023-01-01,100,11,7724.74,69340.23,-61615.49,-88.86
2023-02-01,100,11,5120.51,58323.5,-53202.99,-91.22
2023-03-01,100,11,7412.75,97435.64,-90022.89,-92.39
2023-04-01,100,11,5855.08,75266.54,-69411.46,-92.22
2023-05-01,100,11,8651.45,68318.85,-59667.4,-87.34
2023-06-01,100,11,5976.01,113614.52,-107638.51,-94.74
2023-07-01,100,11,4739.85,103985.71,-99245.86,-95.44
2023-08-01,100,11,6454.15,100419.23,-93965.08,-93.57
2023-09-01,100,11,2507.88,123226.71,-120718.83,-97.96
2023-10-01,100,11,7829.85,74291.85,-66462.0,-89.46
2023-11-01,100,11,6741.35,95388.75,-88647.4,-92.93
2023-12-01,100,11,7103.13,68317.6,-61214.47,-89.6
2024-01-01,100,11,7844.87,112612.42,-104767.55,-93.03
2024-02-01,100,11,3908.23,68841.27,-64933.04,-94.32
2024-03-01,100,11,9989.51,97922.98,-87933.47,-89.8
2024-04-01,100,11,7762.09,114353.81,-106591.72,-93.21
2024-05-01,100,11,4380.67,99315.97,-94935.3,-95.59
2024-06-01,100,11,2301.38,85341.23,-83039.85,-97.3
2024-07-01,100,11,6214.05,62996.7,-56782.65,-90.14
2024-08-01,100,11,7454.91,115218.02,-107763.11,-93.53
2024-09-01,100,11,5051.59,82980.43,-77928.84,-93.91
2024-10-01,100,11,8194.27,120409.98,-112215.71,-93.19
2024-11-01,100,11,8871.73,59154.83,-50283.1,-85.0
2024-12-01,100,11,5500.8,53344.97,-47844.17,-89.69
2023-01-01,101,11,7290.34,81882.93,-74592.59,-91.1
2023-02-01,101,11,2099.41,87991.61,-85892.2,-97.61
2023-03-01,101,11,11296.86,124314.31,-113017.45,-90.91
2023-04-01,101,11,5424.94,126375.21,-120950.27,-95.71
2023-05-01,101,11,12256.41,117411.57,-105155.16,-89.56
2023-06-01,101,11,6106.41,68528.03,-62421.62,-91.09
2023-07-01,101,11,3722.36,120402.96,-116680.6,-96.91
2023-08-01,101,11,10367.16,74618.14,-64250.98,-86.11
2023-09-01,101,11,8845.4,75751.33,-66905.93,-88.32
2023-10-01,101,11,9612.05,126022.98,-116410.93,-92.37
2023-11-01,101,11,6113.59,119301.6,-113188.01,-94.88
2023-12-01,101,11,5420.26,115207.58,-109787.32,-95.3
2024-01-01,101,11,4868.29,69596.19,-64727.9,-93.0
2024-02-01,101,11,8213.28,103883.98,-95670.7,-92.09
2024-03-01,101,11,4540.11,100656.73,-96116.62,-95.49
2024-04-01,101,11,7339.38,57180.66,-49841.28,-87.16
2024-05-01,101,11,6511.55,125765.46,-119253.91,-94.82
2024-06-01,101,11,9244.3,114453.74,-105209.44,-91.92
2024-07-01,101,11,7182.54,51556.72,-44374.18,-86.07
2024-08-01,101,11,4994.86,94489.66,-89494.8,-94.71
2024-09-01,101,11,5476.55,60657.65,-55181.1,-90.97
2024-10-01,101,11,9357.27,125029.63,-115672.36,-92.52
2024-11-01,101,11,7333.57,62245.94,-54912.37,-88.22
2024-12-01,101,11,5910.57,91186.08,-85275.51,-93.52
2023-01-01,102,11,7231.75,122721.88,-115490.13,-94.11
2023-02-01,102,11,6083.45,86659.3,-80575.85,-92.98
2023-03-01,102,11,7140.98,50528.85,-43387.87,-85.87
2023-04-01,102,11,6065.61,52728.22,-46662.61,-88.5
2023-05-01,102,11,3988.81,94546.28,-90557.47,-95.78
2023-06-01,102,11,4733.15,101816.43,-97083.28,-95.35
2023-07-01,102,11,7731.68,114890.59,-107158.91,-93.27
2023-08-01,102,11,7823.8,77642.92,-69819.12,-89.92
2023-09-01,102,11,8421.57,109746.36,-101324.79,-92.33
2023-10-01,102,11,9850.93,77629.96,-67779.03,-87.31
2023-11-01,102,11,9800.91,88856.77,-79055.86,-88.97
2023-12-01,102,11,4817.66,92021.27,-87203.61,-94.76
2024-01-01,102,11,6758.39,122788.6,-116030.21,-94.5
2024-02-01,102,11,7037.32,50282.05,-43244.73,-86.0
2024-03-01,102,11,7509.44,103096.08,-95586.64,-92.72
2024-04-01,102,11,4020.69,107700.32,-103679.63,-96.27
2024-05-01,102,11,10746.94,86860.7,-76113.76,-87.63
2024-06-01,102,11,10121.51,53820.5,-43698.99,-81.19
2024-07-01,102,11,8480.54,106394.12,-97913.58,-92.03
2024-08-01,102,11,5839.14,85537.86,-79698.72,-93.17
2024-09-01,102,11,8073.64,124250.63,-116176.99,-93.5
2024-10-01,102,11,9089.57,84881.88,-75792.31,-89.29
2024-11-01,102,11,7422.65,91308.64,-83885.99,-91.87
2024-12-01,102,11,9268.22,74534.1,-65265.88,-87.57
2023-01-01,103,11,4634.45,69776.9,-65142.45,-93.36
2023-02-01,103,11,9148.99,79078.41,-69929.42,-88.43
2023-03-01,103,11,7678.12,72812.99,-65134.87,-89.46
2023-04-01,103,11,9969.4,101913.69,-91944.29,-90.22
2023-05-01,103,11,6934.07,105151.98,-98217.91,-93.41
2023-06-01,103,11,6050.52,51096.19,-45045.67,-88.16
2023-07-01,103,11,4963.05,79389.92,-74426.87,-93.75
2023-08-01,103,11,8127.84,101857.74,-93729.9,-92.02
2023-09-01,103,11,5275.38,128535.86,-123260.48,-95.9
2023-10-01,103,11,10143.55,77720.54,-67576.99,-86.95
2023-11-01,103,11,6785.68,126238.3,-119452.62,-94.62
2023-12-01,103,11,6858.41,78901.87,-72043.46,-91.31
2024-01-01,103,11,5537.98,118915.18,-113377.2,-95.34
2024-02-01,103,11,3192.42,93301.97,-90109.55,-96.58
2024-03-01,103,11,6163.37,62052.3,-55888.93,-90.07
2024-04-01,103,11,6193.77,83936.84,-77743.07,-92.62
2024-05-01,103,11,5011.57,90978.56,-85966.99,-94.49
2024-06-01,103,11,6247.77,67502.08,-61254.31,-90.74
2024-07-01,103,11,5375.92,60820.52,-55444.6,-91.16
2024-08-01,103,11,8094.98,120112.12,-112017.14,-93.26
2024-09-01,103,11,5240.32,122491.3,-117250.98,-95.72
2024-10-01,103,11,7593.93,83333.32,-75739.39,-90.89
2024-11-01,103,11,3303.51,100999.57,-97696.06,-96.73
2024-12-01,103,11,6567.47,57346.58,-50779.11,-88.55
2023-01-01,104,11,5355.7,78207.7,-72852.0,-93.15
2023-02-01,104,11,4539.71,81260.74,-76721.03,-94.41
2023-03-01,104,11,4787.75,118276.66,-113488.91,-95.95
2023-04-01,104,11,5279.8,59638.13,-54358.33,-91.15
2023-05-01,104,11,8131.39,119098.12,-110966.73,-93.17
2023-06-01,104,11,8585.29,109726.54,-101141.25,-92.18
2023-07-01,104,11,7751.57,86805.36,-79053.79,-91.07
2023-08-01,104,11,7420.17,63153.19,-55733.02,-88.25
2023-09-01,104,11,1799.17,111224.13,-109424.96,-98.38
2023-10-01,104,11,9204.0,55893.14,-46689.14,-83.53
2023-11-01,104,11,5960.95,51895.0,-45934.05,-88.51
2023-12-01,104,11,6183.21,71423.14,-65239.93,-91.34
2024-01-01,104,11,6324.11,51718.0,-45393.89,-87.77
2024-02-01,104,11,10500.84,118458.66,-107957.82,-91.14
2024-03-01,104,11,3854.29,72731.6,-68877.31,-94.7
2024-04-01,104,11,8188.73,96995.71,-88806.98,-91.56
2024-05-01,104,11,4076.17,83201.18,-79125.01,-95.1
2024-06-01,104,11,10201.65,115773.3,-105571.65,-91.19
2024-07-01,104,11,7024.98,53271.01,-46246.03,-86.81
2024-08-01,104,11,6715.87,79501.43,-72785.56,-91.55
2024-09-01,104,11,5401.63,103717.8,-98316.17,-94.79
2024-10-01,104,11,3513.74,119339.75,-115826.01,-97.06
2024-11-01,104,11,5921.21,126903.36,-120982.15,-95.33
2024-12-01,104,11,10128.99,125143.5,-115014.51,-91.91
2023-01-01,100,12,6121.51,108652.96,-102531.45,-94.37
2023-02-01,100,12,5957.68,129967.08,-124009.4,-95.42
2023-03-01,100,12,7959.56,77249.35,-69289.79,-89.7
2023-04-01,100,12,2936.47,66389.12,-63452.65,-95.58
2023-05-01,100,12,3147.02,126381.48,-123234.46,-97.51
2023-06-01,100,12,4775.52,123705.53,-118930.01,-96.14
2023-07-01,100,12,5071.87,93124.73,-88052.86,-94.55
2023-08-01,100,12,4828.7,74847.51,-70018.81,-93.55
2023-09-01,100,12,3595.92,119737.76,-116141.84,-97.0
2023-10-01,100,12,4638.33,62757.21,-58118.88,-92.61
2023-11-01,100,12,5902.47,69443.2,-63540.73,-91.5
2023-12-01,100,12,7580.87,125938.44,-118357.57,-93.98
2024-01-01,100,12,4069.42,110433.67,-106364.25,-96.32
2024-02-01,100,12,7488.19,99073.39,-91585.2,-92.44
2024-03-01,100,12,6760.74,114690.11,-107929.37,-94.11
2024-04-01,100,12,3731.24,109070.53,-105339.29,-96.58
2024-05-01,100,12,7639.26,70884.92,-63245.66,-89.22
2024-06-01,100,12,6061.74,83904.5,-77842.76,-92.78
2024-07-01,100,12,5542.87,106419.66,-100876.79,-94.79
2024-08-01,100,12,4174.38,71719.41,-67545.03,-94.18
2024-09-01,100,12,6873.57,105589.4,-98715.83,-93.49
2024-10-01,100,12,2854.42,95323.12,-92468.7,-97.01
2024-11-01,100,12,5694.13,54314.05,-48619.92,-89.52
2024-12-01,100,12,2294.73,120415.44,-118120.71,-98.09
2023-01-01,101,12,5518.97,81592.93,-76073.96,-93.24
2023-02-01,101,12,9910.52,74700.55,-64790.03,-86.73
2023-03-01,101,12,7040.03,63751.77,-56711.74,-88.96
2023-04-01,101,12,6814.41,85189.67,-78375.26,-92.0
2023-05-01,101,12,5806.66,80462.45,-74655.79,-92.78
2023-06-01,101,12,5405.42,122974.77,-117569.35,-95.6
2023-07-01,101,12,9371.09,107531.51,-98160.42,-91.29
2023-08-01,101,12,5448.91,88824.96,-83376.05,-93.87
2023-09-01,101,12,5000.35,69402.52,-64402.17,-92.8
2023-10-01,101,12,2398.93,123940.08,-121541.15,-98.06
2023-11-01,101,12,7213.56,90668.56,-83455.0,-92.04
2023-12-01,101,12,7515.73,124444.48,-116928.75,-93.96
2024-01-01,101,12,6806.17,67553.14,-60746.97,-89.92
2024-02-01,101,12,9803.43,103671.52,-93868.09,-90.54
2024-03-01,101,12,4253.73,60518.71,-56264.98,-92.97
2024-04-01,101,12,4888.19,92174.74,-87286.55,-94.7
2024-05-01,101,12,5335.78,98617.84,-93282.06,-94.59
2024-06-01,101,12,9208.88,51227.43,-42018.55,-82.02
2024-07-01,101,12,6800.46,80773.62,-73973.16,-91.58
2024-08-01,101,12,6667.39,67329.28,-60661.89,-90.1
2024-09-01,101,12,6202.24,109098.6,-102896.36,-94.32
2024-10-01,101,12,7344.97,114502.03,-107157.06,-93.59
2024-11-01,101,12,6603.74,93258.65,-86654.91,-92.92
2024-12-01,101,12,10223.84,106224.73,-96000.89,-90.38
2023-01-01,102,12,3215.58,95305.4,-92089.82,-96.63
2023-02-01,102,12,8189.37,83068.53,-74879.16,-90.14
2023-03-01,102,12,5773.14,73319.17,-67546.03,-92.13
2023-04-01,102,12,4763.8,82228.65,-77464.85,-94.21
2023-05-01,102,12,11132.85,64512.42,-53379.57,-82.74
2023-06-01,102,12,7528.55,77689.76,-70161.21,-90.31
2023-07-01,102,12,14203.26,102414.78,-88211.52,-86.13
2023-08-01,102,12,4619.09,95848.46,-91229.37,-95.18
2023-09-01,102,12,5338.06,81726.6,-76388.54,-93.47
2023-10-01,102,12,7378.67,115535.08,-108156.41,-93.61
2023-11-01,102,12,2736.46,102927.5,-100191.04,-97.34
2023-12-01,102,12,6000.55,52259.39,-46258.84,-88.52
2024-01-01,102,12,2441.96,74356.35,-71914.39,-96.72
2024-02-01,102,12,4671.07,77179.35,-72508.28,-93.95
2024-03-01,102,12,4779.9,83561.92,-78782.02,-94.28
2024-04-01,102,12,6209.65,65023.69,-58814.04,-90.45
2024-05-01,102,12,7759.99,81467.94,-73707.95,-90.47
2024-06-01,102,12,7535.31,60258.19,-52722.88,-87.49
2024-07-01,102,12,5448.56,61159.5,-55710.94,-91.09
2024-08-01,102,12,5867.42,87844.81,-81977.39,-93.32
2024-09-01,102,12,4316.53,65417.05,-61100.52,-93.4
2024-10-01,102,12,8512.64,95767.52,-87254.88,-91.11
2024-11-01,102,12,5946.11,74704.07,-68757.96,-92.04
2024-12-01,102,12,5165.83,127424.37,-122258.54,-95.95
2023-01-01,103,12,4518.27,81104.67,-76586.4,-94.43
2023-02-01,103,12,3978.22,98763.19,-94784.97,-95.97
2023-03-01,103,12,4008.73,77968.2,-73959.47,-94.86
2023-04-01,103,12,9926.02,103972.24,-94046.22,-90.45
2023-05-01,103,12,5459.74,78971.67,-73511.93,-93.09
2023-06-01,103,12,4756.51,101146.14,-96389.63,-95.3
2023-07-01,103,12,6211.98,61415.55,-55203.57,-89.89
2023-08-01,103,12,7846.2,52981.33,-45135.13,-85.19
2023-09-01,103,12,6292.04,62376.48,-56084.44,-89.91
2023-10-01,103,12,5611.45,85565.21,-79953.76,-93.44
2023-11-01,103,12,3304.34,74117.96,-70813.62,-95.54
2023-12-01,103,12,9901.58,124376.22,-114474.64,-92.04
2024-01-01,103,12,7288.68,68732.14,-61443.46,-89.4
2024-02-01,103,12,4151.45,66748.92,-62597.47,-93.78
2024-03-01,103,12,5169.49,53115.01,-47945.52,-90.27
2024-04-01,103,12,9720.06,112496.34,-102776.28,-91.36
2024-05-01,103,12,2568.81,75561.63,-72992.82,-96.6
2024-06-01,103,12,9933.78,76432.65,-66498.87,-87.0
2024-07-01,103,12,5764.5,111768.99,-106004.49,-94.84
2024-08-01,103,12,8084.63,87394.29,-79309.66,-90.75
2024-09-01,103,12,9917.5,106242.43,-96324.93,-90.67
2024-10-01,103,12,8272.58,100429.25,-92156.67,-91.76
2024-11-01,103,12,6651.24,54368.11,-47716.87,-87.77
2024-12-01,103,12,5877.55,109385.75,-103508.2,-94.63
2023-01-01,104,12,5944.19,112901.37,-106957.18,-94.74
2023-02-01,104,12,3714.82,101188.16,-97473.34,-96.33
2023-03-01,104,12,7220.6,122570.29,-115349.69,-94.11
2023-04-01,104,12,3298.36,84084.65,-80786.29,-96.08
2023-05-01,104,12,5937.0,114382.99,-108445.99,-94.81
2023-06-01,104,12,4970.31,76952.79,-71982.48,-93.54
2023-07-01,104,12,4262.35,108724.27,-104461.92,-96.08
2023-08-01,104,12,4093.28,87132.71,-83039.43,-95.3
2023-09-01,104,12,10468.28,119916.92,-109448.64,-91.27
2023-10-01,104,12,7345.45,62734.01,-55388.56,-88.29
2023-11-01,104,12,3560.17,75794.79,-72234.62,-95.3
2023-12-01,104,12,3294.55,67305.43,-64010.88,-95.11
2024-01-01,104,12,8058.09,118237.35,-110179.26,-93.18
2024-02-01,104,12,3570.58,54073.45,-50502.87,-93.4
2024-03-01,104,12,2741.37,51010.63,-48269.26,-94.63
2024-04-01,104,12,7633.85,77626.72,-69992.87,-90.17
2024-05-01,104,12,4335.79,58128.33,-53792.54,-92.54
2024-06-01,104,12,1758.2,101551.86,-99793.66,-98.27
2024-07-01,104,12,8636.72,67869.02,-59232.3,-87.27
2024-08-01,104,12,5454.19,60801.97,-55347.78,-91.03
2024-09-01,104,12,11119.91,107461.46,-96341.55,-89.65
2024-10-01,104,12,3584.21,75163.7,-71579.49,-95.23
2024-11-01,104,12,8626.93,77363.7,-68736.77,-88.85
2024-12-01,104,12,7801.1,128776.6,-120975.5,-93.94
